{
  "translation": [
    -210.73366,
    -841.82495,
    0.0
  ],
  "rotation": [
    0.0,
    0.0,
    0.0,
    1.0
  ],
  "scale": [
    1.0,
    1.0,
    1.0
  ]
}