{
  "translation": [
    192.01018,
    469.76746,
    0.0
  ],
  "rotation": [
    0.0,
    0.0,
    0.0,
    1.0
  ],
  "scale": [
    1.0,
    1.0,
    1.0
  ]
}