{
  "translation": [
    581.29034,
    277.09766,
    0.0
  ],
  "rotation": [
    0.0,
    0.0,
    0.0,
    1.0
  ],
  "scale": [
    1.0,
    1.0,
    1.0
  ]
}